title;start;cm_bioenergy_SustTax;cm_demScen;cm_extractionTax;cm_startyear;cm_maxProdBiolc;c_ccsinjecratescen;CES_parameters;optimization;slurmConfig;regionmapping;extramappings_historic;cm_rcp_scen;cm_iterative_target_adj;subsidizeLearning;c_budgetCO2from2020;carbonprice;cm_co2_tax_2020;c_peakBudgYr;cm_CO2priceRegConvEndYr;cm_emiscen;c_regi_earlyreti_rate;c_tech_earlyreti_rate;cm_fetaxscen;cm_co2_tax_growth;c_ccscapratescen;cm_subsec_model_steel;cm_CESMkup_build;cm_CESMkup_ind;cm_CESMkup_ind_data;cm_wasteIncinerationCCSshare;techpol;regipol;cm_implicitQttyTarget;cm_emiMktTarget;cm_NucRegiPol;cm_CoalRegiPol;cm_altFeEmiFac;cm_POPscen;cm_GDPscen;cm_oil_scen;cm_gas_scen;cm_coal_scen;c_techAssumptScen;cm_nucscen;cm_so2tax_scen;cm_multigasscen;cm_LU_emi_scen;cm_tradecostBio;cm_1stgen_phaseout;c_SSP_forcing_adjust;cm_APscen;cm_EDGEtr_scen;path_gdx;path_gdx_ref;path_gdx_bau;path_gdx_refpolicycost;description
testOneRegi-Base;AMT;;;;;;;;testOneRegi;8;;;;;;;;;;;;;;;;;;;;;;;;;;;;;;;;;;;;;;;;;;;;;;;;testOneRegi-Base: This is a test scenario which only runs a single region, not to be used in production.
# EU21 SSP2EU;;;;;;;;;;;;;;;;;;;;;;;;;;;;;;;;;;;;;;;;;;;;;;;;;;;;;;;;;;
SSP2EU-EU21-NPi-calibrate;calibrate;;;;2005;;;calibrate;;14;./config/regionmapping_21_EU11.csv;./config/extramapping_EU27.csv;rcp45;;;0;NPi;;;;9;;;;;;;;;;;NPi2018;regiCarbonPrice;;;on;on;EUR_regi, NEU_regi;;;;;;;;;3;;;;;;Mix1;;;;;SSP2EU-EU21-calibration: This baseline scenario follows the Shared Socioeconomic Pathways 2 called Middle of the Road.
SSP2EU-EU21-NPi;0;;;;2005;off;1;;;;./config/regionmapping_21_EU11.csv;./config/extramapping_EU27.csv;rcp45;3;;0;NPi;;;;9;;;;;;;;;;;NPi2018;regiCarbonPrice;;;on;on;EUR_regi, NEU_regi;;;;;;;;;3;;;;;;Mix1;;;;;SSP2EU-EU21-NPi: This National Policies Implemented (NPi) scenario follows the Shared Socioeconomic Pathways 2 called Middle of the Road. The NPi assumes that policies fail to achieve NDC targets in 2030. Instead, carbon prices are assumed to grow and converge more slowly, leading to emissions trajectories in line with bottom-up studies on the effect of currently implemented policies.
SSP2EU-EU21-PkBudg500;0;;;;2030;off;1;;;;./config/regionmapping_21_EU11.csv;./config/extramapping_EU27.csv;rcp20;9;globallyOptimal;500;diffCurvPhaseIn2Lin;100;2080;;9;;;;;;;;;;2050.GLO 0.9;NDC;regiCarbonPrice;2030.EUR_regi.tax.t.FE_wo_b_wo_n_e.all 1.2809;;on;on;EUR_regi, NEU_regi;;;;;;;;;;;;;;;Mix4;;SSP2EU-EU21-NPi;;SSP2EU-EU21-NPi;SSP2EU-EU21-PkBudg500: This climate policy scenario follows the SSP2. The stylized climate policy scenario assumes a peak budget of 500 Gt CO2 on total CO2 emissions from 2015 to 2100. This is a 1.5C scenario, peak warming is allowed to be at or slightly above 1.5C at median climate sensitivity but returns to values below 1.5C in at least 67 % of scenarios by the end of the century.
SSP2EU-EU21-PkBudg650;0;;;;2030;off;1;;;;./config/regionmapping_21_EU11.csv;./config/extramapping_EU27.csv;rcp20;9;globallyOptimal;650;diffCurvPhaseIn2Lin;100;2080;;9;;;;;;;;;;2050.GLO 0.9;NDC;regiCarbonPrice;2030.EUR_regi.tax.t.FE_wo_b_wo_n_e.all 1.2809;;on;on;EUR_regi, NEU_regi;;;;;;;;;;;;;;;Mix4;;SSP2EU-EU21-NPi;;SSP2EU-EU21-NPi;SSP2EU-EU21-PkBudg650: This climate policy scenario follows the SSP2. The stylized climate policy scenario assumes a peak budget of 650 Gt CO2 on total CO2 emissions from 2015 to 2100. This is a 1.5C scenario, peak warming is allowed to be at or slightly above 1.5C at median climate sensitivity but returns to values below 1.5C in at least 67 % of scenarios by the end of the century.
SSP2EU-EU21-PkBudg1050;0;;;;2030;off;1;;;;./config/regionmapping_21_EU11.csv;./config/extramapping_EU27.csv;rcp26;9;globallyOptimal;1050;diffCurvPhaseIn2Lin;60;2100;;9;;;;;;;;;;2050.GLO 0.5;NDC;regiCarbonPrice;2030.EUR_regi.tax.t.FE_wo_b_wo_n_e.all 1.2809;;on;on;EUR_regi, NEU_regi;;;;;;;;;;;;;;;Mix3;;SSP2EU-EU21-NPi;;SSP2EU-EU21-NPi;SSP2EU-EU21-PkBudg1050: This climate policy scenario follows the SSP2. The stylized climate policy scenario assumes a peak budget of 1050 Gt CO2 on total CO2 emissions from 2015 to 2100. This is a well below 2C scenario at median climate sensitivity but returns to values below 2C in at least 67 % of scenarios during the whole century.
;;;;;;;;;;;;;;;;;;;;;;;;;;;;;;;;;;;;;;;;;;;;;;;;;;;;;;;;;;
SSP2EU-EU21-Npi-C2;0;;;;2005;off;2;;;;./config/regionmapping_21_EU11.csv;./config/extramapping_EU27.csv;rcp45;3;;0;NPi;;;;9;;;;;;;;;;;NPi2018;regiCarbonPrice;;;on;on;EUR_regi, NEU_regi;;;;;;;;;3;;;;;;Mix1;;;;;SSP2EU-EU21-NPi: This National Policies Implemented (NPi) scenario follows the Shared Socioeconomic Pathways 2 called Middle of the Road. The NPi assumes that policies fail to achieve NDC targets in 2030. Instead, carbon prices are assumed to grow and converge more slowly, leading to emissions trajectories in line with bottom-up studies on the effect of currently implemented policies.
SSP2EU-EU21-P500-C2;0;;;;2030;off;2;;;;./config/regionmapping_21_EU11.csv;./config/extramapping_EU27.csv;rcp20;9;globallyOptimal;500;diffCurvPhaseIn2Lin;100;2080;;9;;;;;;;;;;2050.GLO 0.9;NDC;regiCarbonPrice;2030.EUR_regi.tax.t.FE_wo_b_wo_n_e.all 1.2809;;on;on;EUR_regi, NEU_regi;;;;;;;;;;;;;;;Mix4;;SSP2EU-EU21-NPi;;SSP2EU-EU21-NPi;SSP2EU-EU21-PkBudg500: This climate policy scenario follows the SSP2. The stylized climate policy scenario assumes a peak budget of 500 Gt CO2 on total CO2 emissions from 2015 to 2100. This is a 1.5C scenario, peak warming is allowed to be at or slightly above 1.5C at median climate sensitivity but returns to values below 1.5C in at least 67 % of scenarios by the end of the century.
SSP2EU-EU21-P650-C2;0;;;;2030;off;2;;;;./config/regionmapping_21_EU11.csv;./config/extramapping_EU27.csv;rcp20;9;globallyOptimal;650;diffCurvPhaseIn2Lin;100;2080;;9;;;;;;;;;;2050.GLO 0.9;NDC;regiCarbonPrice;2030.EUR_regi.tax.t.FE_wo_b_wo_n_e.all 1.2809;;on;on;EUR_regi, NEU_regi;;;;;;;;;;;;;;;Mix4;;SSP2EU-EU21-NPi;;SSP2EU-EU21-NPi;SSP2EU-EU21-PkBudg650: This climate policy scenario follows the SSP2. The stylized climate policy scenario assumes a peak budget of 650 Gt CO2 on total CO2 emissions from 2015 to 2100. This is a 1.5C scenario, peak warming is allowed to be at or slightly above 1.5C at median climate sensitivity but returns to values below 1.5C in at least 67 % of scenarios by the end of the century.
SSP2EU-EU21-P1050-C2;0;;;;2030;off;2;;;;./config/regionmapping_21_EU11.csv;./config/extramapping_EU27.csv;rcp26;9;globallyOptimal;1050;diffCurvPhaseIn2Lin;60;2100;;9;;;;;;;;;;2050.GLO 0.5;NDC;regiCarbonPrice;2030.EUR_regi.tax.t.FE_wo_b_wo_n_e.all 1.2809;;on;on;EUR_regi, NEU_regi;;;;;;;;;;;;;;;Mix3;;SSP2EU-EU21-NPi;;SSP2EU-EU21-NPi;SSP2EU-EU21-PkBudg1050: This climate policy scenario follows the SSP2. The stylized climate policy scenario assumes a peak budget of 1050 Gt CO2 on total CO2 emissions from 2015 to 2100. This is a well below 2C scenario at median climate sensitivity but returns to values below 2C in at least 67 % of scenarios during the whole century.
;;;;;;;;;;;;;;;;;;;;;;;;;;;;;;;;;;;;;;;;;;;;;;;;;;;;;;;;;;
SSP2EU-EU21-Npi-C5;0;;;;2005;off;5;;;;./config/regionmapping_21_EU11.csv;./config/extramapping_EU27.csv;rcp45;3;;0;NPi;;;;9;;;;;;;;;;;NPi2018;regiCarbonPrice;;;on;on;EUR_regi, NEU_regi;;;;;;;;;3;;;;;;Mix1;;;;;SSP2EU-EU21-NPi: This National Policies Implemented (NPi) scenario follows the Shared Socioeconomic Pathways 2 called Middle of the Road. The NPi assumes that policies fail to achieve NDC targets in 2030. Instead, carbon prices are assumed to grow and converge more slowly, leading to emissions trajectories in line with bottom-up studies on the effect of currently implemented policies.
SSP2EU-EU21-P500-C5;0;;;;2030;off;5;;;;./config/regionmapping_21_EU11.csv;./config/extramapping_EU27.csv;rcp20;9;globallyOptimal;500;diffCurvPhaseIn2Lin;100;2080;;9;;;;;;;;;;2050.GLO 0.9;NDC;regiCarbonPrice;2030.EUR_regi.tax.t.FE_wo_b_wo_n_e.all 1.2809;;on;on;EUR_regi, NEU_regi;;;;;;;;;;;;;;;Mix4;;SSP2EU-EU21-NPi;;SSP2EU-EU21-NPi;SSP2EU-EU21-PkBudg500: This climate policy scenario follows the SSP2. The stylized climate policy scenario assumes a peak budget of 500 Gt CO2 on total CO2 emissions from 2015 to 2100. This is a 1.5C scenario, peak warming is allowed to be at or slightly above 1.5C at median climate sensitivity but returns to values below 1.5C in at least 67 % of scenarios by the end of the century.
SSP2EU-EU21-P650-C5;0;;;;2030;off;5;;;;./config/regionmapping_21_EU11.csv;./config/extramapping_EU27.csv;rcp20;9;globallyOptimal;650;diffCurvPhaseIn2Lin;100;2080;;9;;;;;;;;;;2050.GLO 0.9;NDC;regiCarbonPrice;2030.EUR_regi.tax.t.FE_wo_b_wo_n_e.all 1.2809;;on;on;EUR_regi, NEU_regi;;;;;;;;;;;;;;;Mix4;;SSP2EU-EU21-NPi;;SSP2EU-EU21-NPi;SSP2EU-EU21-PkBudg650: This climate policy scenario follows the SSP2. The stylized climate policy scenario assumes a peak budget of 650 Gt CO2 on total CO2 emissions from 2015 to 2100. This is a 1.5C scenario, peak warming is allowed to be at or slightly above 1.5C at median climate sensitivity but returns to values below 1.5C in at least 67 % of scenarios by the end of the century.
SSP2EU-EU21-P1050-C5;0;;;;2030;off;5;;;;./config/regionmapping_21_EU11.csv;./config/extramapping_EU27.csv;rcp26;9;globallyOptimal;1050;diffCurvPhaseIn2Lin;60;2100;;9;;;;;;;;;;2050.GLO 0.5;NDC;regiCarbonPrice;2030.EUR_regi.tax.t.FE_wo_b_wo_n_e.all 1.2809;;on;on;EUR_regi, NEU_regi;;;;;;;;;;;;;;;Mix3;;SSP2EU-EU21-NPi;;SSP2EU-EU21-NPi;SSP2EU-EU21-PkBudg1050: This climate policy scenario follows the SSP2. The stylized climate policy scenario assumes a peak budget of 1050 Gt CO2 on total CO2 emissions from 2015 to 2100. This is a well below 2C scenario at median climate sensitivity but returns to values below 2C in at least 67 % of scenarios during the whole century.
;;;;;;;;;;;;;;;;;;;;;;;;;;;;;;;;;;;;;;;;;;;;;;;;;;;;;;;;;;
SSP2EU-EU21-Npi-C2-B100;0;;;;2005;100;2;;;;./config/regionmapping_21_EU11.csv;./config/extramapping_EU27.csv;rcp45;3;;0;NPi;;;;9;;;;;;;;;;;NPi2018;regiCarbonPrice;;;on;on;EUR_regi, NEU_regi;;;;;;;;;3;;;;;;Mix1;;;;;SSP2EU-EU21-NPi: This National Policies Implemented (NPi) scenario follows the Shared Socioeconomic Pathways 2 called Middle of the Road. The NPi assumes that policies fail to achieve NDC targets in 2030. Instead, carbon prices are assumed to grow and converge more slowly, leading to emissions trajectories in line with bottom-up studies on the effect of currently implemented policies.
SSP2EU-EU21-P500-C2-B100;0;;;;2030;100;2;;;;./config/regionmapping_21_EU11.csv;./config/extramapping_EU27.csv;rcp20;9;globallyOptimal;500;diffCurvPhaseIn2Lin;100;2080;;9;;;;;;;;;;2050.GLO 0.9;NDC;regiCarbonPrice;2030.EUR_regi.tax.t.FE_wo_b_wo_n_e.all 1.2809;;on;on;EUR_regi, NEU_regi;;;;;;;;;;;;;;;Mix4;;SSP2EU-EU21-NPi;;SSP2EU-EU21-NPi;SSP2EU-EU21-PkBudg500: This climate policy scenario follows the SSP2. The stylized climate policy scenario assumes a peak budget of 500 Gt CO2 on total CO2 emissions from 2015 to 2100. This is a 1.5C scenario, peak warming is allowed to be at or slightly above 1.5C at median climate sensitivity but returns to values below 1.5C in at least 67 % of scenarios by the end of the century.
SSP2EU-EU21-P650-C2-B100;0;;;;2030;100;2;;;;./config/regionmapping_21_EU11.csv;./config/extramapping_EU27.csv;rcp20;9;globallyOptimal;650;diffCurvPhaseIn2Lin;100;2080;;9;;;;;;;;;;2050.GLO 0.9;NDC;regiCarbonPrice;2030.EUR_regi.tax.t.FE_wo_b_wo_n_e.all 1.2809;;on;on;EUR_regi, NEU_regi;;;;;;;;;;;;;;;Mix4;;SSP2EU-EU21-NPi;;SSP2EU-EU21-NPi;SSP2EU-EU21-PkBudg650: This climate policy scenario follows the SSP2. The stylized climate policy scenario assumes a peak budget of 650 Gt CO2 on total CO2 emissions from 2015 to 2100. This is a 1.5C scenario, peak warming is allowed to be at or slightly above 1.5C at median climate sensitivity but returns to values below 1.5C in at least 67 % of scenarios by the end of the century.
SSP2EU-EU21-P1050-C2-B100;0;;;;2030;100;2;;;;./config/regionmapping_21_EU11.csv;./config/extramapping_EU27.csv;rcp26;9;globallyOptimal;1050;diffCurvPhaseIn2Lin;60;2100;;9;;;;;;;;;;2050.GLO 0.5;NDC;regiCarbonPrice;2030.EUR_regi.tax.t.FE_wo_b_wo_n_e.all 1.2809;;on;on;EUR_regi, NEU_regi;;;;;;;;;;;;;;;Mix3;;SSP2EU-EU21-NPi;;SSP2EU-EU21-NPi;SSP2EU-EU21-PkBudg1050: This climate policy scenario follows the SSP2. The stylized climate policy scenario assumes a peak budget of 1050 Gt CO2 on total CO2 emissions from 2015 to 2100. This is a well below 2C scenario at median climate sensitivity but returns to values below 2C in at least 67 % of scenarios during the whole century.
;;;;;;;;;;;;;;;;;;;;;;;;;;;;;;;;;;;;;;;;;;;;;;;;;;;;;;;;;;
SSP2EU-EU21-Npi-C2-B75;0;;;;2005;75;2;;;;./config/regionmapping_21_EU11.csv;./config/extramapping_EU27.csv;rcp45;3;;0;NPi;;;;9;;;;;;;;;;;NPi2018;regiCarbonPrice;;;on;on;EUR_regi, NEU_regi;;;;;;;;;3;;;;;;Mix1;;;;;SSP2EU-EU21-NPi: This National Policies Implemented (NPi) scenario follows the Shared Socioeconomic Pathways 2 called Middle of the Road. The NPi assumes that policies fail to achieve NDC targets in 2030. Instead, carbon prices are assumed to grow and converge more slowly, leading to emissions trajectories in line with bottom-up studies on the effect of currently implemented policies.
SSP2EU-EU21-P500-C2-B75;0;;;;2030;75;2;;;;./config/regionmapping_21_EU11.csv;./config/extramapping_EU27.csv;rcp20;9;globallyOptimal;500;diffCurvPhaseIn2Lin;100;2080;;9;;;;;;;;;;2050.GLO 0.9;NDC;regiCarbonPrice;2030.EUR_regi.tax.t.FE_wo_b_wo_n_e.all 1.2809;;on;on;EUR_regi, NEU_regi;;;;;;;;;;;;;;;Mix4;;SSP2EU-EU21-NPi;;SSP2EU-EU21-NPi;SSP2EU-EU21-PkBudg500: This climate policy scenario follows the SSP2. The stylized climate policy scenario assumes a peak budget of 500 Gt CO2 on total CO2 emissions from 2015 to 2100. This is a 1.5C scenario, peak warming is allowed to be at or slightly above 1.5C at median climate sensitivity but returns to values below 1.5C in at least 67 % of scenarios by the end of the century.
SSP2EU-EU21-P650-C2-B75;0;;;;2030;75;2;;;;./config/regionmapping_21_EU11.csv;./config/extramapping_EU27.csv;rcp20;9;globallyOptimal;650;diffCurvPhaseIn2Lin;100;2080;;9;;;;;;;;;;2050.GLO 0.9;NDC;regiCarbonPrice;2030.EUR_regi.tax.t.FE_wo_b_wo_n_e.all 1.2809;;on;on;EUR_regi, NEU_regi;;;;;;;;;;;;;;;Mix4;;SSP2EU-EU21-NPi;;SSP2EU-EU21-NPi;SSP2EU-EU21-PkBudg650: This climate policy scenario follows the SSP2. The stylized climate policy scenario assumes a peak budget of 650 Gt CO2 on total CO2 emissions from 2015 to 2100. This is a 1.5C scenario, peak warming is allowed to be at or slightly above 1.5C at median climate sensitivity but returns to values below 1.5C in at least 67 % of scenarios by the end of the century.
SSP2EU-EU21-P1050-C2-B75;0;;;;2030;75;2;;;;./config/regionmapping_21_EU11.csv;./config/extramapping_EU27.csv;rcp26;9;globallyOptimal;1050;diffCurvPhaseIn2Lin;60;2100;;9;;;;;;;;;;2050.GLO 0.5;NDC;regiCarbonPrice;2030.EUR_regi.tax.t.FE_wo_b_wo_n_e.all 1.2809;;on;on;EUR_regi, NEU_regi;;;;;;;;;;;;;;;Mix3;;SSP2EU-EU21-NPi;;SSP2EU-EU21-NPi;SSP2EU-EU21-PkBudg1050: This climate policy scenario follows the SSP2. The stylized climate policy scenario assumes a peak budget of 1050 Gt CO2 on total CO2 emissions from 2015 to 2100. This is a well below 2C scenario at median climate sensitivity but returns to values below 2C in at least 67 % of scenarios during the whole century.
;;;;;;;;;;;;;;;;;;;;;;;;;;;;;;;;;;;;;;;;;;;;;;;;;;;;;;;;;;
SSP2EU-EU21-Npi-C5-B100;0;;;;2005;100;5;;;;./config/regionmapping_21_EU11.csv;./config/extramapping_EU27.csv;rcp45;3;;0;NPi;;;;9;;;;;;;;;;;NPi2018;regiCarbonPrice;;;on;on;EUR_regi, NEU_regi;;;;;;;;;3;;;;;;Mix1;;;;;SSP2EU-EU21-NPi: This National Policies Implemented (NPi) scenario follows the Shared Socioeconomic Pathways 2 called Middle of the Road. The NPi assumes that policies fail to achieve NDC targets in 2030. Instead, carbon prices are assumed to grow and converge more slowly, leading to emissions trajectories in line with bottom-up studies on the effect of currently implemented policies.
SSP2EU-EU21-P500-C5-B100;0;;;;2030;100;5;;;;./config/regionmapping_21_EU11.csv;./config/extramapping_EU27.csv;rcp20;9;globallyOptimal;500;diffCurvPhaseIn2Lin;100;2080;;9;;;;;;;;;;2050.GLO 0.9;NDC;regiCarbonPrice;2030.EUR_regi.tax.t.FE_wo_b_wo_n_e.all 1.2809;;on;on;EUR_regi, NEU_regi;;;;;;;;;;;;;;;Mix4;;SSP2EU-EU21-NPi;;SSP2EU-EU21-NPi;SSP2EU-EU21-PkBudg500: This climate policy scenario follows the SSP2. The stylized climate policy scenario assumes a peak budget of 500 Gt CO2 on total CO2 emissions from 2015 to 2100. This is a 1.5C scenario, peak warming is allowed to be at or slightly above 1.5C at median climate sensitivity but returns to values below 1.5C in at least 67 % of scenarios by the end of the century.
SSP2EU-EU21-P650-C5-B100;0;;;;2030;100;5;;;;./config/regionmapping_21_EU11.csv;./config/extramapping_EU27.csv;rcp20;9;globallyOptimal;650;diffCurvPhaseIn2Lin;100;2080;;9;;;;;;;;;;2050.GLO 0.9;NDC;regiCarbonPrice;2030.EUR_regi.tax.t.FE_wo_b_wo_n_e.all 1.2809;;on;on;EUR_regi, NEU_regi;;;;;;;;;;;;;;;Mix4;;SSP2EU-EU21-NPi;;SSP2EU-EU21-NPi;SSP2EU-EU21-PkBudg650: This climate policy scenario follows the SSP2. The stylized climate policy scenario assumes a peak budget of 650 Gt CO2 on total CO2 emissions from 2015 to 2100. This is a 1.5C scenario, peak warming is allowed to be at or slightly above 1.5C at median climate sensitivity but returns to values below 1.5C in at least 67 % of scenarios by the end of the century.
SSP2EU-EU21-P1050-C5-B100;0;;;;2030;100;5;;;;./config/regionmapping_21_EU11.csv;./config/extramapping_EU27.csv;rcp26;9;globallyOptimal;1050;diffCurvPhaseIn2Lin;60;2100;;9;;;;;;;;;;2050.GLO 0.5;NDC;regiCarbonPrice;2030.EUR_regi.tax.t.FE_wo_b_wo_n_e.all 1.2809;;on;on;EUR_regi, NEU_regi;;;;;;;;;;;;;;;Mix3;;SSP2EU-EU21-NPi;;SSP2EU-EU21-NPi;SSP2EU-EU21-PkBudg1050: This climate policy scenario follows the SSP2. The stylized climate policy scenario assumes a peak budget of 1050 Gt CO2 on total CO2 emissions from 2015 to 2100. This is a well below 2C scenario at median climate sensitivity but returns to values below 2C in at least 67 % of scenarios during the whole century.
;;;;;;;;;;;;;;;;;;;;;;;;;;;;;;;;;;;;;;;;;;;;;;;;;;;;;;;;;;
SSP2EU-EU21-Npi-C5-B75;0;;;;2005;75;5;;;;./config/regionmapping_21_EU11.csv;./config/extramapping_EU27.csv;rcp45;3;;0;NPi;;;;9;;;;;;;;;;;NPi2018;regiCarbonPrice;;;on;on;EUR_regi, NEU_regi;;;;;;;;;3;;;;;;Mix1;;;;;SSP2EU-EU21-NPi: This National Policies Implemented (NPi) scenario follows the Shared Socioeconomic Pathways 2 called Middle of the Road. The NPi assumes that policies fail to achieve NDC targets in 2030. Instead, carbon prices are assumed to grow and converge more slowly, leading to emissions trajectories in line with bottom-up studies on the effect of currently implemented policies.
SSP2EU-EU21-P500-C5-B75;0;;;;2030;75;5;;;;./config/regionmapping_21_EU11.csv;./config/extramapping_EU27.csv;rcp20;9;globallyOptimal;500;diffCurvPhaseIn2Lin;100;2080;;9;;;;;;;;;;2050.GLO 0.9;NDC;regiCarbonPrice;2030.EUR_regi.tax.t.FE_wo_b_wo_n_e.all 1.2809;;on;on;EUR_regi, NEU_regi;;;;;;;;;;;;;;;Mix4;;SSP2EU-EU21-NPi;;SSP2EU-EU21-NPi;SSP2EU-EU21-PkBudg500: This climate policy scenario follows the SSP2. The stylized climate policy scenario assumes a peak budget of 500 Gt CO2 on total CO2 emissions from 2015 to 2100. This is a 1.5C scenario, peak warming is allowed to be at or slightly above 1.5C at median climate sensitivity but returns to values below 1.5C in at least 67 % of scenarios by the end of the century.
SSP2EU-EU21-P650-C5-B75;0;;;;2030;75;5;;;;./config/regionmapping_21_EU11.csv;./config/extramapping_EU27.csv;rcp20;9;globallyOptimal;650;diffCurvPhaseIn2Lin;100;2080;;9;;;;;;;;;;2050.GLO 0.9;NDC;regiCarbonPrice;2030.EUR_regi.tax.t.FE_wo_b_wo_n_e.all 1.2809;;on;on;EUR_regi, NEU_regi;;;;;;;;;;;;;;;Mix4;;SSP2EU-EU21-NPi;;SSP2EU-EU21-NPi;SSP2EU-EU21-PkBudg650: This climate policy scenario follows the SSP2. The stylized climate policy scenario assumes a peak budget of 650 Gt CO2 on total CO2 emissions from 2015 to 2100. This is a 1.5C scenario, peak warming is allowed to be at or slightly above 1.5C at median climate sensitivity but returns to values below 1.5C in at least 67 % of scenarios by the end of the century.
SSP2EU-EU21-P1050-C5-B75;0;;;;2030;75;5;;;;./config/regionmapping_21_EU11.csv;./config/extramapping_EU27.csv;rcp26;9;globallyOptimal;1050;diffCurvPhaseIn2Lin;60;2100;;9;;;;;;;;;;2050.GLO 0.5;NDC;regiCarbonPrice;2030.EUR_regi.tax.t.FE_wo_b_wo_n_e.all 1.2809;;on;on;EUR_regi, NEU_regi;;;;;;;;;;;;;;;Mix3;;SSP2EU-EU21-NPi;;SSP2EU-EU21-NPi;SSP2EU-EU21-PkBudg1050: This climate policy scenario follows the SSP2. The stylized climate policy scenario assumes a peak budget of 1050 Gt CO2 on total CO2 emissions from 2015 to 2100. This is a well below 2C scenario at median climate sensitivity but returns to values below 2C in at least 67 % of scenarios during the whole century.
;;;;;;;;;;;;;;;;;;;;;;;;;;;;;;;;;;;;;;;;;;;;;;;;;;;;;;;;;;
# selected for phaseout study;;;;;;;;;;;;;;;;;;;;;;;;;;;;;;;;;;;;;;;;;;;;;;;;;;;;;;;;;;
phaseout-PkBudg650;0;;;0;2030;off;1;;;;./config/regionmapping_21_EU11.csv;./config/extramapping_EU27.csv;rcp20;9;globallyOptimal;650;diffCurvPhaseIn2Lin;100;2080;;9;;;;;;;;;;2050.GLO 0.9;NDC;regiCarbonPrice;2030.EUR_regi.tax.t.FE_wo_b_wo_n_e.all 1.2809;;on;on;EUR_regi, NEU_regi;;;;;;;;;;;;;;;Mix4;;SSP2EU-EU21-NPi;;SSP2EU-EU21-NPi;SSP2EU-EU21-PkBudg650: This climate policy scenario follows the SSP2. The stylized climate policy scenario assumes a peak budget of 650 Gt CO2 on total CO2 emissions from 2015 to 2100. This is a 1.5C scenario, peak warming is allowed to be at or slightly above 1.5C at median climate sensitivity but returns to values below 1.5C in at least 67 % of scenarios by the end of the century.
phaseout-C50;0;;;0.5;2030;off;2;;;;./config/regionmapping_21_EU11.csv;./config/extramapping_EU27.csv;rcp20;9;globallyOptimal;650;diffCurvPhaseIn2Lin;100;2080;;9;;;;;;;;;;2050.GLO 0.9;NDC;regiCarbonPrice;2030.EUR_regi.tax.t.FE_wo_b_wo_n_e.all 1.2809;;on;on;EUR_regi, NEU_regi;;;;;;;;;;;;;;;Mix4;;SSP2EU-EU21-NPi;;SSP2EU-EU21-NPi;SSP2EU-EU21-PkBudg650: This climate policy scenario follows the SSP2. The stylized climate policy scenario assumes a peak budget of 650 Gt CO2 on total CO2 emissions from 2015 to 2100. This is a 1.5C scenario, peak warming is allowed to be at or slightly above 1.5C at median climate sensitivity but returns to values below 1.5C in at least 67 % of scenarios by the end of the century.
phaseout-C100;0;;;1;2030;off;5;;;;./config/regionmapping_21_EU11.csv;./config/extramapping_EU27.csv;rcp20;9;globallyOptimal;650;diffCurvPhaseIn2Lin;100;2080;;9;;;;;;;;;;2050.GLO 0.9;NDC;regiCarbonPrice;2030.EUR_regi.tax.t.FE_wo_b_wo_n_e.all 1.2809;;on;on;EUR_regi, NEU_regi;;;;;;;;;;;;;;;Mix4;;SSP2EU-EU21-NPi;;SSP2EU-EU21-NPi;SSP2EU-EU21-PkBudg650: This climate policy scenario follows the SSP2. The stylized climate policy scenario assumes a peak budget of 650 Gt CO2 on total CO2 emissions from 2015 to 2100. This is a 1.5C scenario, peak warming is allowed to be at or slightly above 1.5C at median climate sensitivity but returns to values below 1.5C in at least 67 % of scenarios by the end of the century.
phaseout-C200;0;;;2;2030;off;0;;;;./config/regionmapping_21_EU11.csv;./config/extramapping_EU27.csv;rcp20;9;globallyOptimal;650;diffCurvPhaseIn2Lin;100;2080;;9;;;;;;;;;;2050.GLO 0.9;NDC;regiCarbonPrice;2030.EUR_regi.tax.t.FE_wo_b_wo_n_e.all 1.2809;;on;on;EUR_regi, NEU_regi;;;;;;;;;;;;;;;Mix4;;SSP2EU-EU21-NPi;;SSP2EU-EU21-NPi;SSP2EU-EU21-PkBudg650: This climate policy scenario follows the SSP2. The stylized climate policy scenario assumes a peak budget of 650 Gt CO2 on total CO2 emissions from 2015 to 2100. This is a 1.5C scenario, peak warming is allowed to be at or slightly above 1.5C at median climate sensitivity but returns to values below 1.5C in at least 67 % of scenarios by the end of the century.
phaseout-B100;0;;;0;2030;100;1;;;;./config/regionmapping_21_EU11.csv;./config/extramapping_EU27.csv;rcp20;9;globallyOptimal;650;diffCurvPhaseIn2Lin;100;2080;;9;;;;;;;;;;2050.GLO 0.9;NDC;regiCarbonPrice;2030.EUR_regi.tax.t.FE_wo_b_wo_n_e.all 1.2809;;on;on;EUR_regi, NEU_regi;;;;;;;;;;;;;;;Mix4;;SSP2EU-EU21-NPi;;SSP2EU-EU21-NPi;SSP2EU-EU21-PkBudg650: This climate policy scenario follows the SSP2. The stylized climate policy scenario assumes a peak budget of 650 Gt CO2 on total CO2 emissions from 2015 to 2100. This is a 1.5C scenario, peak warming is allowed to be at or slightly above 1.5C at median climate sensitivity but returns to values below 1.5C in at least 67 % of scenarios by the end of the century.
phaseout-C50-B100;0;;;0.5;2030;100;2;;;;./config/regionmapping_21_EU11.csv;./config/extramapping_EU27.csv;rcp20;9;globallyOptimal;650;diffCurvPhaseIn2Lin;100;2080;;9;;;;;;;;;;2050.GLO 0.9;NDC;regiCarbonPrice;2030.EUR_regi.tax.t.FE_wo_b_wo_n_e.all 1.2809;;on;on;EUR_regi, NEU_regi;;;;;;;;;;;;;;;Mix4;;SSP2EU-EU21-NPi;;SSP2EU-EU21-NPi;SSP2EU-EU21-PkBudg650: This climate policy scenario follows the SSP2. The stylized climate policy scenario assumes a peak budget of 650 Gt CO2 on total CO2 emissions from 2015 to 2100. This is a 1.5C scenario, peak warming is allowed to be at or slightly above 1.5C at median climate sensitivity but returns to values below 1.5C in at least 67 % of scenarios by the end of the century.
phaseout-C100-B100;0;;;1;2030;100;5;;;;./config/regionmapping_21_EU11.csv;./config/extramapping_EU27.csv;rcp20;9;globallyOptimal;650;diffCurvPhaseIn2Lin;100;2080;;9;;;;;;;;;;2050.GLO 0.9;NDC;regiCarbonPrice;2030.EUR_regi.tax.t.FE_wo_b_wo_n_e.all 1.2809;;on;on;EUR_regi, NEU_regi;;;;;;;;;;;;;;;Mix4;;SSP2EU-EU21-NPi;;SSP2EU-EU21-NPi;SSP2EU-EU21-PkBudg650: This climate policy scenario follows the SSP2. The stylized climate policy scenario assumes a peak budget of 650 Gt CO2 on total CO2 emissions from 2015 to 2100. This is a 1.5C scenario, peak warming is allowed to be at or slightly above 1.5C at median climate sensitivity but returns to values below 1.5C in at least 67 % of scenarios by the end of the century.
phaseout-C200-B100;0;;;2;2030;100;0;;;;./config/regionmapping_21_EU11.csv;./config/extramapping_EU27.csv;rcp20;9;globallyOptimal;650;diffCurvPhaseIn2Lin;100;2080;;9;;;;;;;;;;2050.GLO 0.9;NDC;regiCarbonPrice;2030.EUR_regi.tax.t.FE_wo_b_wo_n_e.all 1.2809;;on;on;EUR_regi, NEU_regi;;;;;;;;;;;;;;;Mix4;;SSP2EU-EU21-NPi;;SSP2EU-EU21-NPi;SSP2EU-EU21-PkBudg650: This climate policy scenario follows the SSP2. The stylized climate policy scenario assumes a peak budget of 650 Gt CO2 on total CO2 emissions from 2015 to 2100. This is a 1.5C scenario, peak warming is allowed to be at or slightly above 1.5C at median climate sensitivity but returns to values below 1.5C in at least 67 % of scenarios by the end of the century.
phaseout-B75;0;;;0;2030;75;1;;;;./config/regionmapping_21_EU11.csv;./config/extramapping_EU27.csv;rcp20;9;globallyOptimal;650;diffCurvPhaseIn2Lin;100;2080;;9;;;;;;;;;;2050.GLO 0.9;NDC;regiCarbonPrice;2030.EUR_regi.tax.t.FE_wo_b_wo_n_e.all 1.2809;;on;on;EUR_regi, NEU_regi;;;;;;;;;;;;;;;Mix4;;SSP2EU-EU21-NPi;;SSP2EU-EU21-NPi;SSP2EU-EU21-PkBudg650: This climate policy scenario follows the SSP2. The stylized climate policy scenario assumes a peak budget of 650 Gt CO2 on total CO2 emissions from 2015 to 2100. This is a 1.5C scenario, peak warming is allowed to be at or slightly above 1.5C at median climate sensitivity but returns to values below 1.5C in at least 67 % of scenarios by the end of the century.
phaseout-C50-B75;0;;;0.5;2030;75;2;;;;./config/regionmapping_21_EU11.csv;./config/extramapping_EU27.csv;rcp20;9;globallyOptimal;650;diffCurvPhaseIn2Lin;100;2080;;9;;;;;;;;;;2050.GLO 0.9;NDC;regiCarbonPrice;2030.EUR_regi.tax.t.FE_wo_b_wo_n_e.all 1.2809;;on;on;EUR_regi, NEU_regi;;;;;;;;;;;;;;;Mix4;;SSP2EU-EU21-NPi;;SSP2EU-EU21-NPi;SSP2EU-EU21-PkBudg650: This climate policy scenario follows the SSP2. The stylized climate policy scenario assumes a peak budget of 650 Gt CO2 on total CO2 emissions from 2015 to 2100. This is a 1.5C scenario, peak warming is allowed to be at or slightly above 1.5C at median climate sensitivity but returns to values below 1.5C in at least 67 % of scenarios by the end of the century.
phaseout-C100-B75;0;;;1;2030;75;5;;;;./config/regionmapping_21_EU11.csv;./config/extramapping_EU27.csv;rcp20;9;globallyOptimal;650;diffCurvPhaseIn2Lin;100;2080;;9;;;;;;;;;;2050.GLO 0.9;NDC;regiCarbonPrice;2030.EUR_regi.tax.t.FE_wo_b_wo_n_e.all 1.2809;;on;on;EUR_regi, NEU_regi;;;;;;;;;;;;;;;Mix4;;SSP2EU-EU21-NPi;;SSP2EU-EU21-NPi;SSP2EU-EU21-PkBudg650: This climate policy scenario follows the SSP2. The stylized climate policy scenario assumes a peak budget of 650 Gt CO2 on total CO2 emissions from 2015 to 2100. This is a 1.5C scenario, peak warming is allowed to be at or slightly above 1.5C at median climate sensitivity but returns to values below 1.5C in at least 67 % of scenarios by the end of the century.
phaseout-C200-B75;0;;;2;2030;75;0;;;;./config/regionmapping_21_EU11.csv;./config/extramapping_EU27.csv;rcp20;9;globallyOptimal;650;diffCurvPhaseIn2Lin;100;2080;;9;;;;;;;;;;2050.GLO 0.9;NDC;regiCarbonPrice;2030.EUR_regi.tax.t.FE_wo_b_wo_n_e.all 1.2809;;on;on;EUR_regi, NEU_regi;;;;;;;;;;;;;;;Mix4;;SSP2EU-EU21-NPi;;SSP2EU-EU21-NPi;SSP2EU-EU21-PkBudg650: This climate policy scenario follows the SSP2. The stylized climate policy scenario assumes a peak budget of 650 Gt CO2 on total CO2 emissions from 2015 to 2100. This is a 1.5C scenario, peak warming is allowed to be at or slightly above 1.5C at median climate sensitivity but returns to values below 1.5C in at least 67 % of scenarios by the end of the century.
;;;;;;;;;;;;;;;;;;;;;;;;;;;;;;;;;;;;;;;;;;;;;;;;;;;;;;;;;;
SSP2EU-EU21-Npi-E;0;;gdp_SSP2_lowEn;;2005;off;1;;;;./config/regionmapping_21_EU11.csv;./config/extramapping_EU27.csv;rcp45;3;;0;NPi;;;;9;;;;;;;;;;;NPi2018;regiCarbonPrice;;;on;on;EUR_regi, NEU_regi;;;;;;;;;3;;;;;;Mix1;;;;;SSP2EU-EU21-NPi: This National Policies Implemented (NPi) scenario follows the Shared Socioeconomic Pathways 2 called Middle of the Road. The NPi assumes that policies fail to achieve NDC targets in 2030. Instead, carbon prices are assumed to grow and converge more slowly, leading to emissions trajectories in line with bottom-up studies on the effect of currently implemented policies.
phaseout-PkBudg650-E;0;;gdp_SSP2_lowEn;0;2030;off;1;;;;./config/regionmapping_21_EU11.csv;./config/extramapping_EU27.csv;rcp20;9;globallyOptimal;650;diffCurvPhaseIn2Lin;100;2080;;9;;;;;;;;;;2050.GLO 0.9;NDC;regiCarbonPrice;2030.EUR_regi.tax.t.FE_wo_b_wo_n_e.all 1.2809;;on;on;EUR_regi, NEU_regi;;;;;;;;;;;;;;;Mix4;;SSP2EU-EU21-Npi-E;;SSP2EU-EU21-Npi-E;SSP2EU-EU21-PkBudg650: This climate policy scenario follows the SSP2. The stylized climate policy scenario assumes a peak budget of 650 Gt CO2 on total CO2 emissions from 2015 to 2100. This is a 1.5C scenario, peak warming is allowed to be at or slightly above 1.5C at median climate sensitivity but returns to values below 1.5C in at least 67 % of scenarios by the end of the century.
phaseout-C50-E;0;;gdp_SSP2_lowEn;0.5;2030;off;2;;;;./config/regionmapping_21_EU11.csv;./config/extramapping_EU27.csv;rcp20;9;globallyOptimal;650;diffCurvPhaseIn2Lin;100;2080;;9;;;;;;;;;;2050.GLO 0.9;NDC;regiCarbonPrice;2030.EUR_regi.tax.t.FE_wo_b_wo_n_e.all 1.2809;;on;on;EUR_regi, NEU_regi;;;;;;;;;;;;;;;Mix4;;SSP2EU-EU21-Npi-E;;SSP2EU-EU21-Npi-E;SSP2EU-EU21-PkBudg650: This climate policy scenario follows the SSP2. The stylized climate policy scenario assumes a peak budget of 650 Gt CO2 on total CO2 emissions from 2015 to 2100. This is a 1.5C scenario, peak warming is allowed to be at or slightly above 1.5C at median climate sensitivity but returns to values below 1.5C in at least 67 % of scenarios by the end of the century.
phaseout-C100-E;0;;gdp_SSP2_lowEn;1;2030;off;5;;;;./config/regionmapping_21_EU11.csv;./config/extramapping_EU27.csv;rcp20;9;globallyOptimal;650;diffCurvPhaseIn2Lin;100;2080;;9;;;;;;;;;;2050.GLO 0.9;NDC;regiCarbonPrice;2030.EUR_regi.tax.t.FE_wo_b_wo_n_e.all 1.2809;;on;on;EUR_regi, NEU_regi;;;;;;;;;;;;;;;Mix4;;SSP2EU-EU21-Npi-E;;SSP2EU-EU21-Npi-E;SSP2EU-EU21-PkBudg650: This climate policy scenario follows the SSP2. The stylized climate policy scenario assumes a peak budget of 650 Gt CO2 on total CO2 emissions from 2015 to 2100. This is a 1.5C scenario, peak warming is allowed to be at or slightly above 1.5C at median climate sensitivity but returns to values below 1.5C in at least 67 % of scenarios by the end of the century.
phaseout-B100-E;0;;gdp_SSP2_lowEn;0;2030;100;1;;;;./config/regionmapping_21_EU11.csv;./config/extramapping_EU27.csv;rcp20;9;globallyOptimal;650;diffCurvPhaseIn2Lin;100;2080;;9;;;;;;;;;;2050.GLO 0.9;NDC;regiCarbonPrice;2030.EUR_regi.tax.t.FE_wo_b_wo_n_e.all 1.2809;;on;on;EUR_regi, NEU_regi;;;;;;;;;;;;;;;Mix4;;SSP2EU-EU21-Npi-E;;SSP2EU-EU21-Npi-E;SSP2EU-EU21-PkBudg650: This climate policy scenario follows the SSP2. The stylized climate policy scenario assumes a peak budget of 650 Gt CO2 on total CO2 emissions from 2015 to 2100. This is a 1.5C scenario, peak warming is allowed to be at or slightly above 1.5C at median climate sensitivity but returns to values below 1.5C in at least 67 % of scenarios by the end of the century.
phaseout-C50-B100-E;0;;gdp_SSP2_lowEn;0.5;2030;100;2;;;;./config/regionmapping_21_EU11.csv;./config/extramapping_EU27.csv;rcp20;9;globallyOptimal;650;diffCurvPhaseIn2Lin;100;2080;;9;;;;;;;;;;2050.GLO 0.9;NDC;regiCarbonPrice;2030.EUR_regi.tax.t.FE_wo_b_wo_n_e.all 1.2809;;on;on;EUR_regi, NEU_regi;;;;;;;;;;;;;;;Mix4;;SSP2EU-EU21-Npi-E;;SSP2EU-EU21-Npi-E;SSP2EU-EU21-PkBudg650: This climate policy scenario follows the SSP2. The stylized climate policy scenario assumes a peak budget of 650 Gt CO2 on total CO2 emissions from 2015 to 2100. This is a 1.5C scenario, peak warming is allowed to be at or slightly above 1.5C at median climate sensitivity but returns to values below 1.5C in at least 67 % of scenarios by the end of the century.
phaseout-C100-B100-E;0;;gdp_SSP2_lowEn;1;2030;100;5;;;;./config/regionmapping_21_EU11.csv;./config/extramapping_EU27.csv;rcp20;9;globallyOptimal;650;diffCurvPhaseIn2Lin;100;2080;;9;;;;;;;;;;2050.GLO 0.9;NDC;regiCarbonPrice;2030.EUR_regi.tax.t.FE_wo_b_wo_n_e.all 1.2809;;on;on;EUR_regi, NEU_regi;;;;;;;;;;;;;;;Mix4;;SSP2EU-EU21-Npi-E;;SSP2EU-EU21-Npi-E;SSP2EU-EU21-PkBudg650: This climate policy scenario follows the SSP2. The stylized climate policy scenario assumes a peak budget of 650 Gt CO2 on total CO2 emissions from 2015 to 2100. This is a 1.5C scenario, peak warming is allowed to be at or slightly above 1.5C at median climate sensitivity but returns to values below 1.5C in at least 67 % of scenarios by the end of the century.
phaseout-B75-E;0;;gdp_SSP2_lowEn;0;2030;75;1;;;;./config/regionmapping_21_EU11.csv;./config/extramapping_EU27.csv;rcp20;9;globallyOptimal;650;diffCurvPhaseIn2Lin;100;2080;;9;;;;;;;;;;2050.GLO 0.9;NDC;regiCarbonPrice;2030.EUR_regi.tax.t.FE_wo_b_wo_n_e.all 1.2809;;on;on;EUR_regi, NEU_regi;;;;;;;;;;;;;;;Mix4;;SSP2EU-EU21-Npi-E;;SSP2EU-EU21-Npi-E;SSP2EU-EU21-PkBudg650: This climate policy scenario follows the SSP2. The stylized climate policy scenario assumes a peak budget of 650 Gt CO2 on total CO2 emissions from 2015 to 2100. This is a 1.5C scenario, peak warming is allowed to be at or slightly above 1.5C at median climate sensitivity but returns to values below 1.5C in at least 67 % of scenarios by the end of the century.
phaseout-C50-B75-E;0;;gdp_SSP2_lowEn;0.5;2030;75;2;;;;./config/regionmapping_21_EU11.csv;./config/extramapping_EU27.csv;rcp20;9;globallyOptimal;650;diffCurvPhaseIn2Lin;100;2080;;9;;;;;;;;;;2050.GLO 0.9;NDC;regiCarbonPrice;2030.EUR_regi.tax.t.FE_wo_b_wo_n_e.all 1.2809;;on;on;EUR_regi, NEU_regi;;;;;;;;;;;;;;;Mix4;;SSP2EU-EU21-Npi-E;;SSP2EU-EU21-Npi-E;SSP2EU-EU21-PkBudg650: This climate policy scenario follows the SSP2. The stylized climate policy scenario assumes a peak budget of 650 Gt CO2 on total CO2 emissions from 2015 to 2100. This is a 1.5C scenario, peak warming is allowed to be at or slightly above 1.5C at median climate sensitivity but returns to values below 1.5C in at least 67 % of scenarios by the end of the century.
phaseout-C100-B75-E;0;;gdp_SSP2_lowEn;1;2030;75;5;;;;./config/regionmapping_21_EU11.csv;./config/extramapping_EU27.csv;rcp20;9;globallyOptimal;650;diffCurvPhaseIn2Lin;100;2080;;9;;;;;;;;;;2050.GLO 0.9;NDC;regiCarbonPrice;2030.EUR_regi.tax.t.FE_wo_b_wo_n_e.all 1.2809;;on;on;EUR_regi, NEU_regi;;;;;;;;;;;;;;;Mix4;;SSP2EU-EU21-Npi-E;;SSP2EU-EU21-Npi-E;SSP2EU-EU21-PkBudg650: This climate policy scenario follows the SSP2. The stylized climate policy scenario assumes a peak budget of 650 Gt CO2 on total CO2 emissions from 2015 to 2100. This is a 1.5C scenario, peak warming is allowed to be at or slightly above 1.5C at median climate sensitivity but returns to values below 1.5C in at least 67 % of scenarios by the end of the century.
